2020-09-13,14:04:59.362,29.24,57.17,413,1
2020-09-13,14:19:03.292,29.11,53.91,424,3
2020-09-13,14:33:07.258,29.26,51.64,428,4
2020-09-13,14:47:11.243,30.05,51.47,679,42
2020-09-13,15:01:15.233,29.76,52.28,452,7
2020-09-13,15:15:19.207,29.64,52.48,542,21
2020-09-13,15:29:23.180,30.26,50.95,427,4
2020-09-13,15:43:27.661,30.26,50.56,459,8
2020-09-13,15:57:31.622,29.94,49.50,421,3
2020-09-13,16:11:36.115,30.46,50.14,501,15
2020-09-13,16:25:40.093,30.08,49.48,472,10
2020-09-13,16:39:44.591,29.89,49.90,668,40
2020-09-13,16:53:49.145,29.45,51.81,1118,109
2020-09-13,17:07:53.663,29.68,52.38,940,82
2020-09-13,17:21:58.168,29.64,53.07,427,4
2020-09-13,17:36:02.668,29.70,53.27,629,34
2020-09-13,17:50:07.175,29.87,53.34,574,26
2020-09-13,18:04:11.683,30.31,53.68,539,21
2020-09-13,18:18:16.194,30.13,53.51,524,18
2020-09-13,18:32:20.706,30.07,53.41,497,14
2020-09-13,18:46:25.209,30.34,53.49,461,9
2020-09-13,19:00:29.716,29.46,53.39,486,13
2020-09-13,19:14:34.191,29.80,53.17,420,3
2020-09-13,19:28:38.662,30.00,53.05,416,2
2020-09-13,19:42:43.129,29.97,52.45,448,7
2020-09-13,19:56:47.605,29.71,52.48,444,6
2020-09-13,20:10:52.595,29.86,52.36,456,8
2020-09-13,20:24:57.062,29.60,52.28,421,3
2020-09-13,20:39:01.536,30.08,52.03,450,7
2020-09-13,20:53:06.527,29.79,52.09,435,5
2020-09-13,21:07:10.994,29.80,51.89,433,5
2020-09-13,21:21:15.987,29.89,52.36,436,5
2020-09-13,21:35:20.455,29.60,52.09,422,3
2020-09-13,21:49:25.448,29.21,52.63,438,5
2020-09-13,22:03:29.913,29.27,52.33,454,8
2020-09-13,22:17:34.902,29.04,52.36,424,3
2020-09-13,22:31:39.887,29.23,52.33,434,5
2020-09-13,22:45:44.351,29.28,52.53,424,3
2020-09-13,22:59:49.336,29.21,52.73,465,9
2020-09-13,23:13:54.333,29.18,53.13,452,7
2020-09-13,23:27:58.802,28.92,53.64,446,7
2020-09-13,23:42:03.779,29.24,54.11,427,4
2020-09-13,23:56:08.759,28.95,54.33,475,11
2020-09-14,00:10:13.740,28.66,54.46,443,6
2020-09-14,00:24:18.717,28.93,54.72,473,11
2020-09-14,00:38:23.178,28.70,54.65,448,7
2020-09-14,00:52:28.159,28.49,54.68,472,10
2020-09-14,01:06:33.135,28.92,54.63,427,4
2020-09-14,01:20:38.108,28.39,54.58,427,4
2020-09-14,01:34:43.085,28.36,54.90,446,7
2020-09-14,01:48:48.086,28.43,54.68,560,24
2020-09-14,02:02:53.096,28.41,54.78,586,28
2020-09-14,02:16:57.581,28.19,54.41,555,23
2020-09-14,02:31:02.586,28.09,54.63,549,22
2020-09-14,02:45:07.592,28.34,54.90,483,12
2020-09-14,02:59:12.597,28.19,54.80,500,15
2020-09-14,03:13:17.599,28.24,54.80,546,22
2020-09-14,03:27:22.600,27.90,54.73,517,17
2020-09-14,03:41:27.601,27.88,54.53,565,25
2020-09-14,03:55:32.603,27.96,54.63,502,15
2020-09-14,04:09:37.604,27.69,54.76,501,15
2020-09-14,04:23:42.605,28.43,54.48,498,14
2020-09-14,04:37:47.607,27.87,54.66,486,13
2020-09-14,04:51:53.124,27.74,54.86,492,14
2020-09-14,05:05:58.113,27.65,54.76,503,15
2020-09-14,05:20:03.106,27.55,54.79,466,10
2020-09-14,05:34:08.087,27.50,54.79,447,7
2020-09-14,05:48:13.056,27.44,54.59,470,10
2020-09-14,06:02:18.045,27.50,54.49,523,18
2020-09-14,06:16:23.026,26.95,54.54,465,9
2020-09-14,06:30:28.002,27.50,54.39,466,10
2020-09-14,06:44:33.499,27.06,54.44,483,12
2020-09-14,06:58:38.493,27.55,54.19,473,11
2020-09-14,07:12:43.482,27.29,54.32,486,13
2020-09-14,07:26:48.463,27.09,54.35,492,14
2020-09-14,07:40:53.447,27.09,54.24,523,18
2020-09-14,07:54:58.957,27.03,54.35,456,8
2020-09-14,08:09:03.933,27.22,54.02,492,14
2020-09-14,08:23:08.918,27.12,53.95,501,15
2020-09-14,08:37:13.903,26.80,53.67,485,12
2020-09-14,08:51:18.884,26.99,53.16,488,13
2020-09-14,09:05:23.860,27.09,53.06,477,11
2020-09-14,09:19:29.361,27.78,52.98,487,13
2020-09-14,09:33:34.346,27.41,52.71,506,16
2020-09-14,09:47:39.331,27.19,52.64,475,11
2020-09-14,10:01:44.316,27.18,52.44,455,8
2020-09-14,10:15:49.293,27.18,52.34,473,11
2020-09-14,10:29:54.274,27.51,52.22,496,14
2020-09-14,10:43:59.259,28.06,52.17,480,12
2020-09-14,10:58:04.760,27.22,52.14,515,17
2020-09-14,11:12:09.736,27.62,52.22,465,9
2020-09-14,11:26:14.713,27.81,52.09,493,14
2020-09-14,11:40:19.685,27.54,53.11,411,1
2020-09-14,11:54:24.662,27.49,53.00,470,10
2020-09-14,12:08:29.651,27.75,53.18,481,12
2020-09-14,12:22:34.652,27.82,52.88,503,15
2020-09-14,12:36:39.653,28.21,53.03,475,11
2020-09-14,12:50:44.646,28.58,53.30,472,10
2020-09-14,13:04:49.626,28.68,53.57,454,8
2020-09-14,13:18:54.083,29.27,53.71,477,11
2020-09-14,13:32:59.063,29.02,53.34,465,9
2020-09-14,13:47:04.040,28.83,53.47,441,6
2020-09-14,14:01:08.501,28.85,53.44,465,9
2020-09-14,14:15:13.486,29.12,53.32,472,10
2020-09-14,14:29:18.475,28.96,53.44,442,6
2020-09-14,14:43:22.943,29.26,53.81,442,6
2020-09-14,14:57:27.936,29.57,54.05,464,9
2020-09-14,15:11:32.409,29.87,54.13,454,8
2020-09-14,15:25:36.877,29.67,53.86,452,7
2020-09-14,15:39:41.874,29.98,51.57,461,9
2020-09-14,15:53:46.351,29.98,52.45,455,8
2020-09-14,16:07:51.344,30.04,52.85,441,6
2020-09-14,16:21:55.821,29.98,53.44,435,5
2020-09-14,16:36:00.301,30.22,53.51,446,7
2020-09-14,16:50:04.778,30.24,52.92,455,8
2020-09-14,17:04:09.779,30.49,53.58,441,6
2020-09-14,17:18:14.260,30.49,53.78,448,7
2020-09-14,17:32:18.741,30.38,54.37,456,8
2020-09-14,17:46:23.218,30.54,54.47,451,7
2020-09-14,18:00:27.699,30.34,54.17,442,6
2020-09-14,18:14:32.176,30.17,54.39,436,5
2020-09-14,18:28:37.177,29.97,53.74,456,8
2020-09-14,18:42:41.650,30.42,53.49,425,3
2020-09-14,18:56:46.126,29.94,53.44,441,6
2020-09-14,19:10:50.607,29.94,54.43,436,5
2020-09-14,19:24:55.075,30.17,53.81,460,9
2020-09-14,19:39:00.081,29.61,54.35,470,10
2020-09-14,19:53:04.554,28.85,54.63,445,6
2020-09-14,20:07:09.018,29.00,56.10,432,4
2020-09-14,20:21:13.999,27.99,57.01,462,9
2020-09-14,20:35:18.975,28.30,57.18,491,13
2020-09-14,20:49:23.436,28.03,57.40,475,11
2020-09-14,21:03:28.424,28.03,57.30,496,14
2020-09-14,21:17:33.408,27.57,58.84,493,14
2020-09-14,21:31:38.397,27.51,60.03,460,9
2020-09-14,21:45:43.377,26.87,61.60,478,11
2020-09-14,21:59:48.357,27.03,61.67,517,17
2020-09-14,22:13:53.341,27.72,62.37,530,19
2020-09-14,22:27:57.801,26.84,62.39,508,16
2020-09-14,22:42:02.785,26.76,62.79,451,7
2020-09-14,22:56:07.764,27.17,62.82,486,13
2020-09-14,23:10:12.742,26.05,63.97,562,24
2020-09-14,23:24:17.735,28.14,58.16,815,63
2020-09-14,23:38:22.220,28.85,57.29,986,89
2020-09-14,23:52:26.725,28.68,56.82,1031,96
2020-09-15,00:06:31.771,29.15,56.48,1013,93
2020-09-15,00:20:36.305,28.98,56.50,1103,107
2020-09-15,00:34:40.843,28.98,56.30,1116,109
2020-09-15,00:48:45.361,28.96,56.80,983,88
2020-09-15,01:02:49.863,29.05,56.21,981,88
2020-09-15,01:16:54.880,29.06,56.40,885,73
2020-09-15,01:30:59.369,29.21,56.37,890,74
2020-09-15,01:45:03.867,29.30,56.27,855,69
2020-09-15,01:59:08.360,28.96,56.21,832,65
2020-09-15,02:13:13.418,29.42,56.05,1465,162
2020-09-15,02:27:17.989,29.23,56.08,1161,115
2020-09-15,02:41:22.511,28.83,56.04,969,86
2020-09-15,02:55:27.013,28.98,55.91,969,86
2020-09-15,03:09:31.551,28.73,55.64,1565,177
2020-09-15,03:23:36.122,29.09,55.49,1093,105
2020-09-15,03:37:41.164,29.18,55.49,892,74
2020-09-15,03:51:45.657,28.44,55.77,826,64
2020-09-15,04:05:50.151,28.43,55.57,749,53
2020-09-15,04:19:55.165,29.05,55.41,741,51
2020-09-15,04:33:59.657,28.61,55.24,696,45
2020-09-15,04:48:04.179,28.43,55.27,1982,241
2020-09-15,05:02:08.742,28.66,54.95,1207,122
2020-09-15,05:16:13.789,28.74,54.95,927,80
2020-09-15,05:30:18.315,28.59,55.18,2011,245
2020-09-15,05:44:22.878,28.56,54.97,1609,184
2020-09-15,05:58:27.441,28.25,54.61,1465,162
2020-09-15,06:12:32.503,28.76,54.55,951,83
2020-09-15,06:26:36.988,28.73,54.46,786,58
2020-09-15,06:40:41.998,28.27,54.41,696,45
2020-09-15,06:54:46.540,28.33,54.31,1430,156
2020-09-15,07:08:51.079,28.46,54.58,911,77
2020-09-15,07:22:56.088,28.46,54.48,916,78
2020-09-15,07:37:00.569,28.19,54.51,839,66
2020-09-15,07:51:05.574,28.07,54.44,751,53
2020-09-15,08:05:10.059,28.40,54.38,666,40
2020-09-15,08:19:14.544,28.39,54.19,639,36
2020-09-15,08:33:19.546,28.30,54.02,633,35
2020-09-15,08:47:24.031,28.27,53.62,592,29
2020-09-15,09:01:29.036,28.41,53.50,535,20
2020-09-15,09:15:33.521,28.39,53.69,501,15
2020-09-15,09:29:38.526,28.12,53.75,538,21
2020-09-15,09:43:43.532,28.03,53.75,565,25
2020-09-15,09:57:48.017,28.25,53.62,538,21
2020-09-15,10:11:53.018,28.56,53.59,501,15
2020-09-15,10:25:57.503,28.62,53.67,526,19
2020-09-15,10:40:02.509,28.39,53.79,506,16
2020-09-15,10:54:06.990,28.54,53.59,495,14
2020-09-15,11:08:11.463,28.55,53.59,544,21
2020-09-15,11:22:16.464,27.85,53.77,480,12
2020-09-15,11:36:20.936,28.80,53.47,456,8
2020-09-15,11:50:25.930,28.93,53.54,477,11
2020-09-15,12:04:30.402,28.78,53.57,472,10
2020-09-15,12:18:34.879,28.98,53.64,472,10
2020-09-15,12:32:39.872,29.48,54.38,446,7
2020-09-15,12:46:44.353,29.74,54.16,436,5
2020-09-15,13:00:48.834,29.94,54.22,462,9
2020-09-15,13:14:53.315,30.05,54.43,462,9
2020-09-15,13:28:57.796,29.94,54.22,460,9
2020-09-15,13:43:02.272,29.92,54.03,445,6
2020-09-15,13:57:06.749,30.13,54.10,419,2
2020-09-15,14:11:11.234,30.32,53.88,464,9
2020-09-15,14:25:15.723,30.42,53.78,482,12
2020-09-15,14:39:20.212,30.75,54.05,473,11
2020-09-15,14:53:24.705,30.76,53.85,441,6
2020-09-15,15:07:28.674,31.02,53.92,464,9
2020-09-15,15:21:33.163,30.99,54.22,455,8
2020-09-15,15:35:37.648,31.14,54.00,457,8
2020-09-15,15:49:41.616,31.44,54.46,462,9
2020-09-15,16:03:46.114,31.34,54.17,472,10
2020-09-15,16:17:50.607,31.81,54.21,438,5
2020-09-15,16:31:54.608,31.66,55.12,647,37
2020-09-15,16:45:58.618,31.95,54.41,546,22
2020-09-15,17:00:03.151,32.18,55.16,506,16
2020-09-15,17:14:07.165,32.38,53.86,618,33
2020-09-15,17:28:11.183,32.65,53.35,502,15
2020-09-15,17:42:15.192,32.63,52.56,462,9
2020-09-15,17:56:19.698,32.69,52.56,452,7
2020-09-15,18:10:23.682,32.66,52.76,442,6
2020-09-15,18:24:27.667,32.14,55.16,447,7
2020-09-15,18:38:31.648,32.40,54.75,420,3
2020-09-15,18:52:35.629,32.18,54.58,445,6
2020-09-15,19:06:40.134,32.60,54.33,423,3
2020-09-15,19:20:44.111,31.96,55.49,452,7
2020-09-15,19:34:48.608,31.78,55.00,417,2
2020-09-15,19:48:52.573,31.57,54.53,448,7
2020-09-15,20:02:56.542,31.44,53.77,452,7
2020-09-15,20:17:01.035,31.75,54.83,436,5
2020-09-15,20:31:05.004,31.51,54.27,459,8
2020-09-15,20:45:09.484,30.72,55.43,473,11
2020-09-15,20:59:13.965,30.51,56.24,473,11
2020-09-15,21:13:18.442,29.95,56.29,419,2
2020-09-15,21:27:22.914,30.11,56.27,483,12
2020-09-15,21:41:27.395,29.89,58.85,436,5
2020-09-15,21:55:31.855,28.44,61.29,461,9
2020-09-15,22:09:36.318,27.88,63.03,459,8
2020-09-15,22:23:40.786,27.66,64.15,521,18
2020-09-15,22:37:45.778,27.28,65.40,461,9
2020-09-15,22:51:50.250,27.67,65.04,519,18
2020-09-15,23:05:54.726,28.04,63.62,491,13
2020-09-15,23:19:59.726,27.78,64.94,515,17
2020-09-15,23:34:04.202,29.43,60.68,529,19
2020-09-15,23:48:08.179,30.43,58.80,741,51
2020-09-16,00:02:12.688,30.23,58.23,828,65
2020-09-16,00:16:16.681,30.84,57.95,849,68
2020-09-16,00:30:21.207,30.86,57.66,1031,96
2020-09-16,00:44:25.257,30.60,57.39,1018,94
2020-09-16,00:58:29.263,30.88,57.17,927,80
2020-09-16,01:12:33.801,31.06,56.84,1243,128
2020-09-16,01:26:37.876,30.97,56.97,1599,182
2020-09-16,01:40:41.947,31.29,56.92,1617,185
2020-09-16,01:54:46.022,31.29,56.92,1714,200
2020-09-16,02:08:50.094,31.02,56.97,2228,278
2020-09-16,02:22:54.689,30.84,56.97,1561,176
2020-09-16,02:36:58.764,30.89,56.87,1281,134
2020-09-16,02:51:02.831,31.14,56.65,1088,104
2020-09-16,03:05:06.874,30.83,56.68,1004,92
2020-09-16,03:19:11.400,30.77,56.70,946,83
2020-09-16,03:33:15.397,30.67,56.70,855,69
2020-09-16,03:47:19.915,30.54,56.83,870,71
2020-09-16,04:01:23.921,30.72,56.51,983,88
2020-09-16,04:15:27.939,30.83,56.48,986,89
2020-09-16,04:29:32.497,30.39,56.63,1121,109
2020-09-16,04:43:36.568,30.83,56.09,1179,118
2020-09-16,04:57:41.148,30.00,56.29,1027,95
2020-09-16,05:11:45.153,29.94,56.59,878,72
2020-09-16,05:25:49.720,29.89,55.60,1100,106
2020-09-16,05:39:54.250,29.68,54.55,872,71
2020-09-16,05:53:58.755,29.36,53.99,696,45
2020-09-16,06:08:03.257,28.85,53.64,707,46
2020-09-16,06:22:07.750,28.90,54.63,755,54
2020-09-16,06:36:12.243,28.61,55.35,797,60
2020-09-16,06:50:16.757,28.74,55.54,940,82
2020-09-16,07:04:21.246,28.30,56.09,799,60
2020-09-16,07:18:25.739,28.00,56.02,627,34
2020-09-16,07:32:30.228,28.66,56.13,763,55
2020-09-16,07:46:35.237,28.41,55.57,808,62
2020-09-16,08:00:39.727,28.48,56.46,591,29
2020-09-16,08:14:44.212,28.73,56.63,519,18
2020-09-16,08:28:48.692,28.62,56.33,459,8
2020-09-16,08:42:53.173,28.68,56.04,515,17
2020-09-16,08:56:57.655,28.46,56.26,529,19
2020-09-16,09:11:02.664,28.18,55.69,508,16
2020-09-16,09:25:07.144,28.29,55.89,530,19
2020-09-16,09:39:11.629,28.52,55.66,507,16
2020-09-16,09:53:16.110,28.46,54.88,534,20
2020-09-16,10:07:21.116,28.07,54.53,417,2
2020-09-16,10:21:25.601,28.18,53.52,505,15
2020-09-16,10:35:30.082,28.19,53.03,528,19
2020-09-16,10:49:34.567,28.03,52.76,506,16
2020-09-16,11:03:39.572,28.31,52.34,521,18
2020-09-16,11:17:44.057,28.07,52.26,518,17
2020-09-16,11:31:48.538,28.19,52.04,490,13
2020-09-16,11:45:53.019,28.30,51.35,455,8
2020-09-16,11:59:58.020,28.15,51.15,507,16
2020-09-16,12:14:02.505,28.19,50.85,473,11
2020-09-16,12:28:06.986,28.41,50.14,518,17
2020-09-16,12:42:11.471,28.59,49.55,492,14
2020-09-16,12:56:16.480,28.71,48.04,594,29
2020-09-16,13:10:20.969,29.24,48.00,526,19
2020-09-16,13:24:25.463,29.48,48.07,537,20
2020-09-16,13:38:29.956,28.86,47.63,497,14
2020-09-16,13:52:34.445,28.51,48.46,523,18
2020-09-16,14:06:38.934,28.11,48.41,505,15
2020-09-16,14:20:43.943,28.89,48.32,506,16
2020-09-16,14:34:48.432,28.74,48.04,480,12
2020-09-16,14:48:52.917,28.95,48.02,485,12
2020-09-16,15:02:57.402,29.24,48.39,496,14
2020-09-16,15:17:01.887,29.02,48.71,490,13
2020-09-16,15:31:06.360,29.06,49.10,475,11
2020-09-16,15:45:10.837,29.16,48.79,506,16
2020-09-16,15:59:15.838,29.26,49.18,462,9
2020-09-16,16:13:20.319,29.30,49.57,457,8
2020-09-16,16:27:24.796,28.93,50.59,450,7
2020-09-16,16:41:29.269,29.09,51.15,464,9
2020-09-16,16:55:33.741,28.98,52.16,477,11
2020-09-16,17:09:38.743,29.57,52.09,461,9
2020-09-16,17:23:43.235,29.34,52.01,508,16
2020-09-16,17:37:47.724,29.16,52.33,448,7
2020-09-16,17:51:52.209,28.66,52.98,500,15
2020-09-16,18:05:56.698,29.16,53.13,466,10
2020-09-16,18:20:01.191,29.08,52.85,531,19
2020-09-16,18:34:06.204,29.02,51.87,521,18
2020-09-16,18:48:10.689,29.12,51.25,477,11
2020-09-16,19:02:15.182,29.28,50.95,537,20
2020-09-16,19:16:19.680,29.52,50.63,486,13
2020-09-16,19:30:24.177,29.63,50.71,526,19
2020-09-16,19:44:28.678,29.55,51.12,524,18
2020-09-16,19:58:33.171,29.80,50.90,556,23
2020-09-16,20:12:37.668,29.78,50.71,519,18
2020-09-16,20:26:42.165,29.33,50.63,565,25
2020-09-16,20:40:46.663,29.55,50.44,517,17
2020-09-16,20:54:51.160,29.27,50.46,571,26
2020-09-16,21:08:55.657,29.46,50.34,507,16
2020-09-16,21:23:00.154,29.23,50.16,486,13
2020-09-16,21:37:04.648,29.18,49.87,531,19
2020-09-16,21:51:09.141,29.78,49.82,500,15
2020-09-16,22:05:13.634,29.53,49.55,480,12
2020-09-16,22:19:18.127,29.09,49.28,530,19
2020-09-16,22:33:22.616,29.28,49.18,515,17
2020-09-16,22:47:27.102,29.51,49.26,551,23
2020-09-16,23:01:31.586,29.41,49.35,540,21
2020-09-16,23:15:36.071,29.39,49.65,523,18
2020-09-16,23:29:40.560,28.98,49.40,556,23
2020-09-16,23:43:45.045,29.06,49.60,500,15
2020-09-16,23:57:50.055,29.14,49.77,671,41
2020-09-17,00:11:54.540,29.28,49.87,872,71
2020-09-17,00:25:59.029,28.55,49.84,925,79
2020-09-17,00:40:03.514,28.95,49.90,837,66
2020-09-17,00:54:07.998,28.98,49.99,855,69
2020-09-17,01:08:12.488,28.96,49.99,990,89
2020-09-17,01:22:17.038,29.19,49.97,1186,119
2020-09-17,01:36:21.585,29.02,49.99,1103,107
2020-09-17,01:50:26.102,28.93,50.59,1034,96
2020-09-17,02:04:31.116,29.05,50.49,962,85
2020-09-17,02:18:35.605,29.42,50.54,835,66
2020-09-17,02:32:40.090,28.64,50.61,819,63
2020-09-17,02:46:44.575,28.78,50.41,812,62
2020-09-17,03:00:49.064,28.83,50.51,799,60
2020-09-17,03:14:54.069,28.67,50.41,770,56
2020-09-17,03:28:58.554,28.48,50.14,763,55
2020-09-17,03:43:03.035,28.85,49.99,806,61
2020-09-17,03:57:07.516,28.27,49.87,799,60
2020-09-17,04:11:12.517,28.44,49.74,712,47
2020-09-17,04:25:16.994,28.31,49.77,755,54
2020-09-17,04:39:21.475,28.54,49.94,709,47
2020-09-17,04:53:25.955,28.92,49.60,717,48
2020-09-17,05:07:30.952,28.40,49.94,783,58
2020-09-17,05:21:35.429,28.46,50.14,741,51
2020-09-17,05:35:39.906,27.99,50.29,704,46
2020-09-17,05:49:44.907,27.99,50.48,700,45
2020-09-17,06:03:49.384,28.12,50.29,650,38
2020-09-17,06:17:53.861,27.75,50.71,768,56
2020-09-17,06:31:58.858,28.37,50.73,701,45
2020-09-17,06:46:03.335,28.34,50.46,806,61
2020-09-17,07:00:07.808,28.59,50.54,781,58
2020-09-17,07:14:12.805,27.77,50.90,741,51
2020-09-17,07:28:17.282,26.85,50.90,626,34
2020-09-17,07:42:22.275,27.96,50.48,660,39
2020-09-17,07:56:26.747,28.19,50.85,633,35
2020-09-17,08:10:31.740,28.12,51.77,601,30
2020-09-17,08:24:36.213,27.93,51.67,715,47
2020-09-17,08:38:40.747,27.78,51.50,1737,203
2020-09-17,08:52:45.818,27.67,51.00,1537,173
2020-09-17,09:06:50.364,26.97,50.68,1523,171
2020-09-17,09:20:54.919,27.69,50.21,1826,217
2020-09-17,09:34:59.990,28.06,49.99,2011,245
2020-09-17,09:49:04.536,27.70,49.72,1858,222
2020-09-17,10:03:09.087,27.60,49.54,1975,239
2020-09-17,10:17:13.633,27.29,49.27,1832,218
2020-09-17,10:31:18.704,28.43,49.15,1816,215
2020-09-17,10:45:23.255,28.43,49.25,1767,208
2020-09-17,10:59:27.809,27.97,48.61,1800,213
2020-09-17,11:13:32.884,28.31,47.40,1719,200
2020-09-17,11:27:37.439,28.51,47.28,1658,191
2020-09-17,11:41:41.989,28.15,47.79,1731,202
2020-09-17,11:55:46.544,28.29,48.09,1746,205
2020-09-17,12:09:51.098,28.21,48.09,1905,229
2020-09-17,12:23:55.657,28.85,47.92,1805,214
2020-09-17,12:38:00.212,28.51,47.97,1975,239
2020-09-17,12:52:05.291,28.96,48.02,1999,243
2020-09-17,13:06:09.849,29.14,48.00,1894,227
2020-09-17,13:20:14.408,29.90,47.73,1958,237
2020-09-17,13:34:18.971,29.16,47.90,1999,243
2020-09-17,13:48:23.009,28.74,48.04,1836,218
2020-09-17,14:02:27.576,29.39,47.97,1821,216
2020-09-17,14:16:32.138,28.70,47.85,1772,209
2020-09-17,14:30:36.705,29.49,47.58,1869,223
2020-09-17,14:44:41.280,29.49,47.38,1787,211
2020-09-17,14:58:45.851,29.89,47.14,1703,198
2020-09-17,15:12:49.901,30.32,46.90,1707,199
2020-09-17,15:26:54.472,30.00,46.75,1800,213
2020-09-17,15:40:59.047,29.71,46.37,1719,200
2020-09-17,15:55:03.622,29.46,46.40,1848,220
2020-09-17,16:09:08.197,30.04,46.25,1816,215
2020-09-17,16:23:12.251,29.61,44.70,1714,200
2020-09-17,16:37:16.822,29.73,44.51,1864,223
2020-09-17,16:51:21.393,29.73,43.42,1836,218
2020-09-17,17:05:25.964,29.28,43.46,1751,205
2020-09-17,17:19:30.544,29.87,41.93,1663,192
2020-09-17,17:33:35.114,29.39,42.85,1751,205
2020-09-17,17:47:39.681,29.34,42.46,1811,214
2020-09-17,18:01:44.248,29.52,42.76,1719,200
2020-09-17,18:15:48.823,29.78,42.54,1623,186
2020-09-17,18:29:53.390,29.36,43.05,1707,199
2020-09-17,18:43:57.956,29.57,42.54,1821,216
2020-09-17,18:58:02.523,29.51,42.07,2116,261
2020-09-17,19:12:07.086,28.85,42.60,1811,214
2020-09-17,19:26:11.649,29.11,41.99,1726,202
2020-09-17,19:40:16.212,28.52,41.95,2041,249
2020-09-17,19:54:20.771,29.36,41.67,1912,230
2020-09-17,20:08:25.850,28.25,41.87,1574,178
2020-09-17,20:22:30.405,28.81,42.02,1647,189
2020-09-17,20:36:34.964,28.19,41.67,1557,176
2020-09-17,20:50:40.039,28.48,41.06,1707,199
2020-09-17,21:04:44.593,28.09,42.48,1703,198
2020-09-17,21:18:49.144,28.48,43.23,1596,182
2020-09-17,21:32:54.218,28.44,43.92,1678,194
2020-09-17,21:46:58.773,28.18,43.45,1740,204
2020-09-17,22:01:03.323,28.31,42.85,1889,226
2020-09-17,22:15:08.394,28.31,43.15,1418,155
2020-09-17,22:29:12.949,28.56,43.62,1637,188
2020-09-17,22:43:17.499,27.92,43.87,1737,203
2020-09-17,22:57:22.570,28.09,44.36,1731,202
2020-09-17,23:11:27.120,28.46,44.42,1707,199
2020-09-17,23:25:31.671,28.04,44.36,1877,225
2020-09-17,23:39:36.741,28.17,45.32,1737,203
2020-09-17,23:53:41.288,28.07,45.35,1726,202
2020-09-18,00:07:46.363,28.17,45.13,1740,204
2020-09-18,00:21:50.909,28.00,45.05,1900,228
2020-09-18,00:35:55.455,28.12,45.35,1714,200
2020-09-18,00:50:00.526,28.06,45.54,1678,194
2020-09-18,01:04:05.072,27.85,45.57,1877,225
2020-09-18,01:18:10.139,28.96,45.85,1939,234
2020-09-18,01:32:14.681,28.80,46.07,1854,221
2020-09-18,01:46:19.744,27.39,46.28,1864,223
2020-09-18,02:00:24.291,28.27,46.41,2116,261
2020-09-18,02:14:29.353,28.07,46.33,1758,206
2020-09-18,02:28:33.891,28.15,46.51,1832,218
2020-09-18,02:42:38.954,27.34,46.30,1731,202
2020-09-18,02:56:44.013,27.06,46.12,2029,248
2020-09-18,03:10:48.551,26.89,46.35,1900,228
2020-09-18,03:24:53.610,26.99,46.42,2005,244
2020-09-18,03:38:58.668,26.91,46.12,1970,239
2020-09-18,03:53:03.202,27.12,46.42,1939,234
2020-09-18,04:07:08.261,26.76,46.25,2011,245
2020-09-18,04:21:13.315,26.91,46.33,2011,245
2020-09-18,04:35:18.370,26.77,46.35,2251,281
2020-09-18,04:49:22.904,26.57,46.47,1905,229
2020-09-18,05:03:27.958,26.72,46.15,2124,262
2020-09-18,05:17:33.013,26.47,46.47,2209,275
2020-09-18,05:31:38.067,26.37,46.39,2434,309
2020-09-18,05:45:42.597,26.44,46.57,3635,492
2020-09-18,05:59:47.652,26.60,46.27,3817,520
2020-09-18,06:13:52.702,26.58,45.97,3498,471
2020-09-18,06:27:57.753,26.95,46.23,3411,458
2020-09-18,06:42:02.799,25.97,45.92,3176,422
2020-09-18,06:56:07.845,25.82,46.24,3176,422
2020-09-18,07:10:12.887,26.18,46.00,3498,471
2020-09-18,07:24:17.934,25.87,46.04,4278,590
2020-09-18,07:38:22.980,25.79,46.14,4530,629
2020-09-18,07:52:27.498,25.72,46.04,5404,762
2020-09-18,08:06:32.540,25.75,46.04,6804,975
2020-09-18,08:20:37.586,26.01,46.51,5690,805
2020-09-18,08:34:42.632,26.50,46.97,4841,676
2020-09-18,08:48:47.683,26.10,46.51,4030,553
2020-09-18,09:02:52.733,26.09,46.22,3498,471
2020-09-18,09:16:57.783,26.06,46.12,3268,436
2020-09-18,09:31:02.825,25.98,46.02,3080,408
2020-09-18,09:45:07.872,25.25,45.89,2480,316
2020-09-18,09:59:12.918,26.07,45.42,2411,306
2020-09-18,10:13:17.968,26.10,45.32,2270,284
2020-09-18,10:27:23.014,25.76,44.85,2130,263
2020-09-18,10:41:27.545,25.82,44.75,1982,241
2020-09-18,10:55:32.595,25.98,44.43,1999,243
2020-09-18,11:09:37.645,26.55,44.49,1787,211
2020-09-18,11:23:42.700,26.12,44.43,1609,184
2020-09-18,11:37:47.750,26.35,44.21,1609,184
2020-09-18,11:51:52.805,26.85,44.17,1528,171
2020-09-18,12:05:57.335,27.22,44.02,1422,155
2020-09-18,12:20:02.385,26.69,44.07,1273,132
2020-09-18,12:34:07.436,26.52,43.89,1314,139
2020-09-18,12:48:12.490,26.73,43.87,1314,139
2020-09-18,13:02:17.020,26.65,44.09,1261,131
2020-09-18,13:16:22.075,27.13,44.05,1261,131
2020-09-18,13:30:27.129,27.36,44.13,1173,117
2020-09-18,13:44:32.138,27.43,44.10,464,9
2020-09-18,13:58:37.119,26.94,44.24,534,20
2020-09-18,14:12:41.575,27.59,44.31,536,20
2020-09-18,14:26:46.556,27.03,44.24,520,18
2020-09-18,14:40:51.541,26.72,44.56,542,21
2020-09-18,14:54:56.526,27.14,44.72,487,13
2020-09-18,15:09:00.986,28.14,44.54,539,21
2020-09-18,15:23:05.975,27.55,44.50,530,19
2020-09-18,15:37:10.960,27.69,44.78,518,17
2020-09-18,15:51:15.424,27.44,44.90,523,18
2020-09-18,16:05:20.413,27.77,45.07,574,26
2020-09-18,16:19:24.878,27.88,44.75,531,19
2020-09-18,16:33:29.871,28.11,44.65,534,20
2020-09-18,16:47:34.860,27.72,45.07,492,14
2020-09-18,17:01:41.169,28.22,45.42,519,18
2020-09-18,17:15:44.325,28.07,45.74,552,23
2020-09-18,17:29:48.793,28.25,45.72,565,25
2020-09-18,17:43:53.790,28.09,45.15,575,26
2020-09-18,17:57:58.267,28.80,45.78,599,30
2020-09-18,18:12:02.743,28.52,46.39,584,28
2020-09-18,18:26:07.740,28.46,46.09,591,29
2020-09-18,18:40:12.216,28.46,45.30,556,23
